thermal_zone,airloop
THERMAL ZONE: AMEN_0300,doas_system
THERMAL ZONE: AMEN_0400,doas_system
THERMAL ZONE: AMEN_2100,doas_system
THERMAL ZONE: AMEN_2200,doas_system
THERMAL ZONE: AMEN_2300,doas_system
THERMAL ZONE: BOH_0100,doas_system
THERMAL ZONE: CORR_0100,doas_system
THERMAL ZONE: CORR_0200,doas_system
THERMAL ZONE: CORR_0300,doas_system
THERMAL ZONE: CORR_0400,doas_system
THERMAL ZONE: CORR_2100,doas_system
THERMAL ZONE: CORR_2300,doas_system
THERMAL ZONE: CORR_2301,doas_system
THERMAL ZONE: ELEC_0201,doas_system
THERMAL ZONE: ELEC_0300,doas_system
THERMAL ZONE: ELEV CONTROL_2301,doas_system
THERMAL ZONE: ELEV CONTROL_2302,doas_system
THERMAL ZONE: ELEV LOBBY_2300,doas_system
THERMAL ZONE: ELEV LOBBY_P101,doas_system
THERMAL ZONE: ELEV LOBBY_P200,doas_system
THERMAL ZONE: ELEV_0101,doas_system
THERMAL ZONE: ELEV_0102,doas_system
THERMAL ZONE: ELEV_0201,doas_system
THERMAL ZONE: ELEV_0202,doas_system
THERMAL ZONE: ELEV_0301,doas_system
THERMAL ZONE: ELEV_0302,doas_system
THERMAL ZONE: ELEV_0401,doas_system
THERMAL ZONE: ELEV_0402,doas_system
THERMAL ZONE: ELEV_2101,doas_system
THERMAL ZONE: ELEV_2102,doas_system
THERMAL ZONE: ELEV_2301,doas_system
THERMAL ZONE: ELEV_2302,doas_system
THERMAL ZONE: ELEV_2303,doas_system
THERMAL ZONE: ELEV_2304,doas_system
THERMAL ZONE: ELEV_P101,doas_system
THERMAL ZONE: ELEV_P102,doas_system
THERMAL ZONE: ELEV_P201,doas_system
THERMAL ZONE: ELEV_P202,doas_system
THERMAL ZONE: FCC_0100,doas_system
THERMAL ZONE: FITNESS_2200,doas_system
THERMAL ZONE: LEASING_0100,doas_system
THERMAL ZONE: LOBBY_MAIL_0100,doas_system
THERMAL ZONE: LOUNGE_2300,doas_system
THERMAL ZONE: LOUNGE_2301,doas_system
THERMAL ZONE: MECH_0200,doas_system
THERMAL ZONE: MECH_0300,doas_system
THERMAL ZONE: MECH_0400,doas_system
THERMAL ZONE: MECH_2100,doas_system
THERMAL ZONE: PACKAGE_0100,doas_system
THERMAL ZONE: RESTROOM_0100,doas_system
THERMAL ZONE: RESTROOM_2201,doas_system
THERMAL ZONE: RESTROOM_2300,doas_system
THERMAL ZONE: RETAIL STORAGE_0100,doas_system
THERMAL ZONE: RETAIL_0100,doas_system
THERMAL ZONE: STAIR_0101,doas_system
THERMAL ZONE: STAIR_0102,doas_system
THERMAL ZONE: STAIR_0201,doas_system
THERMAL ZONE: STAIR_0202,doas_system
THERMAL ZONE: STAIR_0301,doas_system
THERMAL ZONE: STAIR_0302,doas_system
THERMAL ZONE: STAIR_0401,doas_system
THERMAL ZONE: STAIR_0402,doas_system
THERMAL ZONE: STAIR_2101,doas_system
THERMAL ZONE: STAIR_2102,doas_system
THERMAL ZONE: STAIR_2201,doas_system
THERMAL ZONE: STAIR_2202,doas_system
THERMAL ZONE: STAIR_2301,doas_system
THERMAL ZONE: STAIR_2302,doas_system
THERMAL ZONE: STAIR_P101,doas_system
THERMAL ZONE: STAIR_P102,doas_system
THERMAL ZONE: STAIR_P201,doas_system
THERMAL ZONE: STAIR_P202,doas_system
THERMAL ZONE: STOR_0100,doas_system
THERMAL ZONE: STOR_0200,doas_system
THERMAL ZONE: STOR_0300,doas_system
THERMAL ZONE: STOR_0400,doas_system
THERMAL ZONE: STOR_2100,doas_system
THERMAL ZONE: STOR_P100,doas_system
THERMAL ZONE: STOR_P200,doas_system
THERMAL ZONE: TRASH_0200,doas_system
THERMAL ZONE: TRASH_0300,doas_system
THERMAL ZONE: TRASH_0400,doas_system
THERMAL ZONE: TRASH_2100,doas_system
THERMAL ZONE: TRASH_2200,doas_system
THERMAL ZONE: UNIT_0201,doas_system
THERMAL ZONE: UNIT_0202,doas_system
THERMAL ZONE: UNIT_0203,doas_system
THERMAL ZONE: UNIT_0204,doas_system
THERMAL ZONE: UNIT_0205,doas_system
THERMAL ZONE: UNIT_0206,doas_system
THERMAL ZONE: UNIT_0207,doas_system
THERMAL ZONE: UNIT_0208,doas_system
THERMAL ZONE: UNIT_0209,doas_system
THERMAL ZONE: UNIT_0210,doas_system
THERMAL ZONE: UNIT_0211,doas_system
THERMAL ZONE: UNIT_0212,doas_system
THERMAL ZONE: UNIT_0213,doas_system
THERMAL ZONE: UNIT_0214,doas_system
THERMAL ZONE: UNIT_0215,doas_system
THERMAL ZONE: UNIT_0216,doas_system
THERMAL ZONE: UNIT_0217,doas_system
THERMAL ZONE: UNIT_0218,doas_system
THERMAL ZONE: UNIT_0219,doas_system
THERMAL ZONE: UNIT_0301,doas_system
THERMAL ZONE: UNIT_0302,doas_system
THERMAL ZONE: UNIT_0303,doas_system
THERMAL ZONE: UNIT_0304,doas_system
THERMAL ZONE: UNIT_0305,doas_system
THERMAL ZONE: UNIT_0306,doas_system
THERMAL ZONE: UNIT_0307,doas_system
THERMAL ZONE: UNIT_0308,doas_system
THERMAL ZONE: UNIT_0309,doas_system
THERMAL ZONE: UNIT_0310,doas_system
THERMAL ZONE: UNIT_0311,doas_system
THERMAL ZONE: UNIT_0312,doas_system
THERMAL ZONE: UNIT_0313,doas_system
THERMAL ZONE: UNIT_0314,doas_system
THERMAL ZONE: UNIT_0315,doas_system
THERMAL ZONE: UNIT_0316,doas_system
THERMAL ZONE: UNIT_0317,doas_system
THERMAL ZONE: UNIT_0401,doas_system
THERMAL ZONE: UNIT_0402,doas_system
THERMAL ZONE: UNIT_0403,doas_system
THERMAL ZONE: UNIT_0404,doas_system
THERMAL ZONE: UNIT_0405,doas_system
THERMAL ZONE: UNIT_0406,doas_system
THERMAL ZONE: UNIT_0407,doas_system
THERMAL ZONE: UNIT_0408,doas_system
THERMAL ZONE: UNIT_0409,doas_system
THERMAL ZONE: UNIT_0410,doas_system
THERMAL ZONE: UNIT_0411,doas_system
THERMAL ZONE: UNIT_0412,doas_system
THERMAL ZONE: UNIT_0413,doas_system
THERMAL ZONE: UNIT_0414,doas_system
THERMAL ZONE: UNIT_0415,doas_system
THERMAL ZONE: UNIT_0416,doas_system
THERMAL ZONE: UNIT_0417,doas_system
THERMAL ZONE: UNIT_2101,doas_system
THERMAL ZONE: UNIT_2102,doas_system
THERMAL ZONE: UNIT_2103,doas_system
THERMAL ZONE: UNIT_2104,doas_system
THERMAL ZONE: UNIT_2105,doas_system
THERMAL ZONE: UNIT_2106,doas_system
THERMAL ZONE: UNIT_2107,doas_system
THERMAL ZONE: UNIT_2108,doas_system
THERMAL ZONE: UNIT_2109,doas_system
THERMAL ZONE: UNIT_2110,doas_system
THERMAL ZONE: UNIT_2111,doas_system
THERMAL ZONE: UNIT_2112,doas_system
THERMAL ZONE: UNIT_2113,doas_system
THERMAL ZONE: UNIT_2114,doas_system
THERMAL ZONE: UNIT_2115,doas_system
THERMAL ZONE: UNIT_2116,doas_system
THERMAL ZONE: UNIT_2117,doas_system
THERMAL ZONE: XFMR_0400,doas_system
